Product Url, Product Title, Our Price, MRP, Brand,Item No:,Description,Additional Information,Traveling Path
"http://www.bestpricewholesale.co.in/Products/Apparel--Home-Luggage--Bags-Hard-Luggage/Safari/Safari-Hard-Strolley-Code-Plus-79-cm/pid-247830.aspx","Safari Hard Strolley Code Plus, 79 cm","Rs. 4,600","Rs. 9,300","Safari","560934","","100% Polycarbonate Shells Lightweight & Durable 4 Wheel"," > Home > Apparel & Home > Luggage & Bags > Hard Luggage"
"http://www.bestpricewholesale.co.in/Products/Apparel--Home-Luggage--Bags-Hard-Luggage/Safari/Safari-Hard-Strolley-Code-Plus-73-cm/pid-247828.aspx","Safari Hard Strolley Code Plus, 73 cm","Rs. 4,224.99","Rs. 8,550","Safari","560927","","100% Polycarbonate Shells Lightweight & Durable 4 Wheel"," > Home > Apparel & Home > Luggage & Bags > Hard Luggage"
"http://www.bestpricewholesale.co.in/Products/Apparel--Home-Luggage--Bags-Hard-Luggage/Safari/Safari-Hard-Strolley-Code-Plus-67-cm/pid-247826.aspx","Safari Hard Strolley Code Plus, 67 cm","Rs. 3,902.50","Rs. 7,905","Safari","560920","","100% Polycarbonate Shells Lightweight & Durable 4 Wheel"," > Home > Apparel & Home > Luggage & Bags > Hard Luggage"
"http://www.bestpricewholesale.co.in/Products/Apparel--Home-Apparel-Sweaters--Sweatshirts/Members-Mark/Members-Mark-Basic-Sweatshirt-Crew-neck/pid-246206.aspx","Member's Mark Basic Sweatshirt Crew neck","Rs. 499","Rs. 899","Member's Mark","580191","","Crew Full Sleeve Cotton Polyester Blend 300 GSM"," > Home > Apparel & Home > Apparel > Sweaters & Sweatshirts"
"http://www.bestpricewholesale.co.in/Products/Apparel--Home-Apparel-T-Shirts/Members-Mark/Members-Mark-Printed-T-Shirt-Crew-neck/pid-246204.aspx","Member's Mark Printed T-Shirt Crew neck","Rs. 299","Rs. 599","Member's Mark","580177","","Crew Full Sleeve 100% cotton 200 GSM"," > Home > Apparel & Home > Apparel > T-Shirts"
"http://www.bestpricewholesale.co.in/Products/Apparel--Home-Footwear-Casual-Shoes/Woodland/Woodland-Casual-Shoe/pid-246202.aspx","Woodland Casual Shoe","Rs. 2,586.50","Rs. 3,695","Woodland","576705","","Rubber Outsole Leather Upper Suede Leather Foot Bed Outdoor Wear Size Available: 8 & 9"," > Home > Apparel & Home > Footwear > Casual Shoes"
"http://www.bestpricewholesale.co.in/Products/Apparel--Home-Footwear-Casual-Shoes/Woodland/Woodland-Casual-Shoe/pid-246200.aspx","Woodland Casual Shoe","Rs. 2,796.50","Rs. 3,995","Woodland","576698","","Rubber Outsole Leather Upper Suede Leather Foot Bed Outdoor Wear Size Available: 8 & 9"," > Home > Apparel & Home > Footwear > Casual Shoes"
"http://www.bestpricewholesale.co.in/Products/Apparel--Home-Footwear-Casual-Shoes/Woodland/Woodland-Casual-Shoe/pid-246198.aspx","Woodland Casual Shoe","Rs. 2,516.50","Rs. 3,595","Woodland","576663","","Rubber Outsole Leather Upper Suede Leather Foot Bed Outdoor Wear Size Available: 8 & 9"," > Home > Apparel & Home > Footwear > Casual Shoes"
"http://www.bestpricewholesale.co.in/Products/Apparel--Home-Footwear-Casual-Shoes/Woodland/Woodland-Casual-Shoe/pid-246196.aspx","Woodland Casual Shoe","Rs. 2,306.50","Rs. 3,295","Woodland","576656","","Rubber Outsole Leather Upper Suede Leather Foot Bed Outdoor Wear Size Available: 8 & 9"," > Home > Apparel & Home > Footwear > Casual Shoes"
"http://www.bestpricewholesale.co.in/Products/Apparel--Home-Footwear-Casual-Shoes/Woodland/Woodland-Casual-Shoe/pid-246194.aspx","Woodland Casual Shoe","Rs. 2,306.50","Rs. 3,295","Woodland","576649","","Rubber Outsole Leather Upper Suede Leather Foot Bed Outdoor Wear Size Available: 8 & 9"," > Home > Apparel & Home > Footwear > Casual Shoes"
"http://www.bestpricewholesale.co.in/Products/Apparel--Home-Footwear-Casual-Shoes/Woodland/Woodland-Casual-Shoe/pid-246192.aspx","Woodland Casual Shoe","Rs. 2,376.50","Rs. 3,395","Woodland","576642","","Rubber Outsole Leather Upper Suede Leather Foot Bed Outdoor Wear Size Available: 8 & 9"," > Home > Apparel & Home > Footwear > Casual Shoes"
"http://www.bestpricewholesale.co.in/Products/Apparel--Home-Footwear-Casual-Shoes/Woodland/Woodland-Casual-Shoe/pid-246190.aspx","Woodland Casual Shoe","Rs. 2,446.50","Rs. 3,495","Woodland","576635","","Rubber Outsole Leather Upper Suede Leather Foot Bed Outdoor Wear Size Available: 8 & 9"," > Home > Apparel & Home > Footwear > Casual Shoes"
"http://www.bestpricewholesale.co.in/Products/Apparel--Home-Footwear-Sandals--Slippers/Woodland/Woodland-Casual-Sandal/pid-246188.aspx","Woodland Casual Sandal","Rs. 1,326.51","Rs. 1,895","Woodland","576691","","Rubber Outsole Leather Upper Suede Leather Foot Bed Outdoor Wear Size Available: 8 & 9"," > Home > Apparel & Home > Footwear > Sandals & Slippers"
"http://www.bestpricewholesale.co.in/Products/Apparel--Home-Footwear-Sandals--Slippers/Woodland/Woodland-Casual-Sandal/pid-246186.aspx","Woodland Casual Sandal","Rs. 1,676.50","Rs. 2,395","Woodland","576684","","Rubber Outsole Leather Upper Suede Leather Foot Bed Outdoor Wear Size Available: 8 & 9"," > Home > Apparel & Home > Footwear > Sandals & Slippers"
"http://www.bestpricewholesale.co.in/Products/Apparel--Home-Footwear-Sandals--Slippers/Woodland/Woodland-Casual-Sandal/pid-246184.aspx","Woodland Casual Sandal","Rs. 2,096.50","Rs. 2,995","Woodland","576677","","Rubber Outsole Leather Upper Suede Leather Foot Bed Outdoor Wear Size Available: 8 & 9"," > Home > Apparel & Home > Footwear > Sandals & Slippers"
"http://www.bestpricewholesale.co.in/Products/Apparel--Home-Footwear-Sandals--Slippers/Woodland/Woodland-Casual-Sandal/pid-246182.aspx","Woodland Casual Sandal","Rs. 1,956.50","Rs. 2,795","Woodland","576670","","Rubber Outsole Leather Upper Suede Leather Foot Bed Outdoor Wear Size Available: 8 & 9"," > Home > Apparel & Home > Footwear > Sandals & Slippers"
"http://www.bestpricewholesale.co.in/Products/Apparel--Home-Footwear-Sports-Shoes/Puma/Puma-Sport-Shoe/pid-246180.aspx","Puma Sport Shoe","Rs. 1,199.99","Rs. 3,999","Puma","569551","","Light Weight Highly Flexible Mesh Upper Size Available : 8 & 9"," > Home > Apparel & Home > Footwear > Sports Shoes"
"http://www.bestpricewholesale.co.in/Products/Apparel--Home-Footwear-Sports-Shoes/Puma/Puma-Sport-Shoe/pid-246178.aspx","Puma Sport Shoe","Rs. 1,890.71","Rs. 3,999","Puma","563727","","Light Weight Highly Flexible Mesh Upper Size Available : 8 & 9"," > Home > Apparel & Home > Footwear > Sports Shoes"
"http://www.bestpricewholesale.co.in/Products/Apparel--Home-Footwear-Sports-Shoes/Puma/Puma-Sport-Shoe/pid-246176.aspx","Puma Sport Shoe","Rs. 1,199.99","Rs. 3,999","Puma","563720","","Light Weight Highly Flexible Mesh Upper Size Available : 8 & 9"," > Home > Apparel & Home > Footwear > Sports Shoes"
"http://www.bestpricewholesale.co.in/Products/Apparel--Home-Footwear-Sports-Shoes/Puma/Puma-Sport-Shoe/pid-246174.aspx","Puma Sport Shoe","Rs. 1,199.99","Rs. 3,999","Puma","569544","","Light Weight Highly Flexible Mesh Upper Size Available : 8 & 9"," > Home > Apparel & Home > Footwear > Sports Shoes"
"http://www.bestpricewholesale.co.in/Products/Apparel--Home-Footwear-Sports-Shoes/Puma/Puma-Sport-Shoe/pid-246172.aspx","Puma Sport Shoe","Rs. 1,199.99","Rs. 3,999","Puma","563741","","Light Weight Highly Flexible Mesh Upper Size Available : 8 & 9"," > Home > Apparel & Home > Footwear > Sports Shoes"
"http://www.bestpricewholesale.co.in/Products/Apparel--Home-Footwear-Sports-Shoes/Puma/Puma-Sport-Shoe/pid-246170.aspx","Puma Sport Shoe","Rs. 1,199.99","Rs. 3,999","Puma","569558","","Light Weight Highly Flexible Mesh Upper Size Available : 8 & 9"," > Home > Apparel & Home > Footwear > Sports Shoes"
"http://www.bestpricewholesale.co.in/Products/Apparel--Home-Footwear-Sports-Shoes/Puma/Puma-Sport-Shoe/pid-246168.aspx","Puma Sport Shoe","Rs. 1,199.99","Rs. 3,999","Puma","563734","","Light Weight Highly Flexible Mesh Upper Size Available : 8 & 9"," > Home > Apparel & Home > Footwear > Sports Shoes"
"http://www.bestpricewholesale.co.in/Products/Apparel--Home-Footwear-Sports-Shoes/Puma/Puma-Sport-Shoe/pid-246166.aspx","Puma Sport Shoe","Rs. 1,199.99","Rs. 3,999","Puma","551869","","Light Weight Highly Flexible Mesh Upper Size Available : 8 & 9"," > Home > Apparel & Home > Footwear > Sports Shoes"
"http://www.bestpricewholesale.co.in/Products/Apparel--Home-Footwear-Sports-Shoes/Puma/Puma-Sport-Shoe/pid-246164.aspx","Puma Sport Shoe","Rs. 1,199.99","Rs. 3,999","Puma","551862","","Light Weight Highly Flexible Mesh Upper Size Available : 8 & 9"," > Home > Apparel & Home > Footwear > Sports Shoes"
"http://www.bestpricewholesale.co.in/Products/Apparel--Home-Footwear-Sports-Shoes/Puma/Puma-Sport-Shoe/pid-246162.aspx","Puma Sport Shoe","Rs. 1,199.99","Rs. 3,999","Puma","569565","","Light Weight Highly Flexible Mesh Upper Size Available : 8 & 9"," > Home > Apparel & Home > Footwear > Sports Shoes"
"http://www.bestpricewholesale.co.in/Products/Apparel--Home-Home-Textiles-Towels/Right-Buy/Bath-Towel-70-cm-x-140-cm-Purple/pid-244864.aspx","Bath Towel 70 cm x 140 cm, Purple","Rs. 209.88","Rs. 299","Right Buy","579449","","Composition - 100% Cotton Weight - 400 GSM"," > Home > Apparel & Home > Home Textiles > Towels"
"http://www.bestpricewholesale.co.in/Products/Apparel--Home-Home-Textiles-Towels/Right-Buy/Bath-Towel-70-cm-x-140-cm-Pink/pid-244862.aspx","Bath Towel 70 cm x 140 cm, Pink","Rs. 209.88","Rs. 299","Right Buy","579442","","Composition - 100% Cotton Weight - 400 GSM"," > Home > Apparel & Home > Home Textiles > Towels"
"http://www.bestpricewholesale.co.in/Products/Apparel--Home-Home-Textiles-Towels/Right-Buy/Bath-Towel-70-cm-x-140-cm-Royal/pid-244860.aspx","Bath Towel 70 cm x 140 cm, Royal","Rs. 209.88","Rs. 299","Right Buy","579435","","Composition - 100% Cotton Weight - 400 GSM"," > Home > Apparel & Home > Home Textiles > Towels"
"http://www.bestpricewholesale.co.in/Products/Apparel--Home-Home-Textiles-Towels/Right-Buy/Bath-Towel-70-cm-x-140-cm-Ocean/pid-244858.aspx","Bath Towel 70 cm x 140 cm, Ocean","Rs. 209.88","Rs. 299","Right Buy","579428","","Composition - 100% Cotton Weight - 400 GSM"," > Home > Apparel & Home > Home Textiles > Towels"
"http://www.bestpricewholesale.co.in/Products/Apparel--Home-Home-Textiles-Towels/Right-Buy/Hand-Towel-40-cm-x-60-cm-Purple/pid-244856.aspx","Hand Towel 40 cm x 60 cm, Purple","Rs. 59","Rs. 99","Right Buy","579421","","Composition - 100% Cotton Weight - 400 GSM"," > Home > Apparel & Home > Home Textiles > Towels"
"http://www.bestpricewholesale.co.in/Products/Apparel--Home-Home-Textiles-Towels/Right-Buy/Hand-Towel-40-cm-x-60-cm-Pink/pid-244854.aspx","Hand Towel 40 cm x 60 cm, Pink","Rs. 59","Rs. 99","Right Buy","579414","","Composition - 100% Cotton Weight - 400 GSM"," > Home > Apparel & Home > Home Textiles > Towels"
"http://www.bestpricewholesale.co.in/Products/Apparel--Home-Home-Textiles-Towels/Right-Buy/Hand-Towel-40-cm-x-60-cm-Royal/pid-244852.aspx","Hand Towel 40 cm x 60 cm, Royal","Rs. 59","Rs. 99","Right Buy","579407","","Composition - 100% Cotton Weight - 400 GSM"," > Home > Apparel & Home > Home Textiles > Towels"
"http://www.bestpricewholesale.co.in/Products/Apparel--Home-Home-Textiles-Towels/Right-Buy/Hand-Towel-40-cm-x-60-cm-Ocean/pid-244850.aspx","Hand Towel 40 cm x 60 cm, Ocean","Rs. 59","Rs. 99","Right Buy","579400","","Composition - 100% Cotton Weight - 400 GSM"," > Home > Apparel & Home > Home Textiles > Towels"
"http://www.bestpricewholesale.co.in/Products/Apparel--Home-Apparel-Ready-to-stitch/Siyarams/Siyarams-Ready-To-Stitch-Suit-Length/pid-244496.aspx","Siyaram's Ready To Stitch Suit Length","Rs. 999","Rs. 2,099","Siyarams","575823","","more"," > Home > Apparel & Home > Apparel > Ready to stitch"
"http://www.bestpricewholesale.co.in/Products/Apparel--Home-Home-Textiles-Towels/Arnabay/Arnabay-Bath-Towel-Reversible-500-GSM/pid-244434.aspx","Arnabay Bath Towel Reversible, 500 GSM","Rs. 351","Rs. 599","Arnabay","549643","","Striped Designs Soft & Absorbent"," > Home > Apparel & Home > Home Textiles > Towels"
"http://www.bestpricewholesale.co.in/Products/Apparel--Home-Home-Textiles-Blanket--Quilts/No-Brand/Reversible-quilt-Double-Bed-Reversible/pid-244430.aspx","Reversible quilt Double Bed, Reversible","Rs. 950.99","Rs. 1,499","No Brand","573583","","more"," > Home > Apparel & Home > Home Textiles > Blanket & Quilts"
"http://www.bestpricewholesale.co.in/Products/Apparel--Home-Home-Textiles-Blanket--Quilts/No-Brand/Dew-Quilt-Double-Bed-Reversible/pid-244428.aspx","Dew Quilt Double Bed, Reversible","Rs. 2,499.99","Rs. 3,599","No Brand","573576","","more"," > Home > Apparel & Home > Home Textiles > Blanket & Quilts"
"http://www.bestpricewholesale.co.in/Products/Apparel--Home-Home-Textiles-Blanket--Quilts/No-Brand/Designer-Quilt-Double-Bed-Reversible/pid-244426.aspx","Designer Quilt Double Bed, Reversible","Rs. 1,900","Rs. 2,399","No Brand","573569","","more"," > Home > Apparel & Home > Home Textiles > Blanket & Quilts"
"http://www.bestpricewholesale.co.in/Products/Apparel--Home-Home-Textiles-Blanket--Quilts/No-Brand/Super-Soft-Quilt-Double-Bed-Reversible/pid-244424.aspx","Super Soft Quilt Double Bed, Reversible","Rs. 2,199.99","Rs. 2,999","No Brand","573562","","more"," > Home > Apparel & Home > Home Textiles > Blanket & Quilts"
"http://www.bestpricewholesale.co.in/Products/Apparel--Home-Home-Textiles-Blanket--Quilts/No-Brand/Solid-Fleece-Blanket-Double-Bed/pid-244416.aspx","Solid Fleece Blanket Double Bed","Rs. 219.88","Rs. 399","No Brand","571308","","Weight 680 gm"," > Home > Apparel & Home > Home Textiles > Blanket & Quilts"
"http://www.bestpricewholesale.co.in/Products/Apparel--Home-Home-Textiles-Blanket--Quilts/No-Brand/Solid-Fleece-Blanket-Single-Bed/pid-244414.aspx","Solid Fleece Blanket Single Bed","Rs. 119.88","Rs. 249","No Brand","571301","","Weight 380 gm"," > Home > Apparel & Home > Home Textiles > Blanket & Quilts"
"http://www.bestpricewholesale.co.in/Products/Apparel--Home-Home-Textiles-Blanket--Quilts/No-Brand/Printed-Fleece-Blanket-Double-Bed/pid-244412.aspx","Printed Fleece Blanket Double Bed","Rs. 219.88","Rs. 399","No Brand","571294","","Weight 680 gm"," > Home > Apparel & Home > Home Textiles > Blanket & Quilts"
"http://www.bestpricewholesale.co.in/Products/Apparel--Home-Home-Textiles-Blanket--Quilts/No-Brand/Printed-Fleece-Blanket-Single-Bed/pid-244410.aspx","Printed Fleece Blanket Single Bed","Rs. 119.88","Rs. 249","No Brand","571287","","Weight 380 gm"," > Home > Apparel & Home > Home Textiles > Blanket & Quilts"
"http://www.bestpricewholesale.co.in/Products/Apparel--Home-Home-Textiles-Blanket--Quilts/No-Brand/Super-Soft-Blanket-Double-Bed/pid-244408.aspx","Super Soft Blanket Double Bed","Rs. 599","Rs. 1,399","No Brand","538093","","Weight 1 kg"," > Home > Apparel & Home > Home Textiles > Blanket & Quilts"
"http://www.bestpricewholesale.co.in/Products/Apparel--Home-Home-Textiles-Basic-Bedding/SKAP/Skap-Dior-Double-Bed-Sheet-Set-With-2-Pillow-Covers/pid-244400.aspx","Skap Dior Double Bed Sheet Set With 2 Pillow Covers","Rs. 597.78","Rs. 1,598","SKAP","520761","","more"," > Home > Apparel & Home > Home Textiles > Basic Bedding"
"http://www.bestpricewholesale.co.in/Products/Apparel--Home-Home-Textiles-Blanket--Quilts/Members-Mark/Members-Mark-Luxury-Mink-Balnket-Double-Bed/pid-244398.aspx","Member's Mark Luxury Mink Balnket Double Bed","Rs. 1,500","Rs. 2,499","Member's Mark","527047","","Weight 3.5 kg"," > Home > Apparel & Home > Home Textiles > Blanket & Quilts"
"http://www.bestpricewholesale.co.in/Products/Apparel--Home-Home-Textiles-Blanket--Quilts/No-Brand/Mink-Blanket-Double-Bed-With-Free-Bag/pid-244396.aspx","Mink Blanket Double Bed, With Free Bag","Rs. 999.88","Rs. 1,899","No Brand","519998","","more"," > Home > Apparel & Home > Home Textiles > Blanket & Quilts"
"http://www.bestpricewholesale.co.in/Products/Apparel--Home-Home-Textiles-Blanket--Quilts/Signature/Signature-Super-Soft-Blanket-Double-Bed/pid-244394.aspx","Signature Super Soft Blanket Double Bed","Rs. 1,251","Rs. 1,450","Signature","462549","","more"," > Home > Apparel & Home > Home Textiles > Blanket & Quilts"
"http://www.bestpricewholesale.co.in/Products/Apparel--Home-Home-Textiles-Blanket--Quilts/Signature/Signature-Platinum-Mink-Blanket-Double-Bed/pid-244392.aspx","Signature Platinum Mink Blanket Double Bed","Rs. 2,299.99","Rs. 2,900","Signature","462542","","Weight 4.2 kg"," > Home > Apparel & Home > Home Textiles > Blanket & Quilts"
"http://www.bestpricewholesale.co.in/Products/Apparel--Home-Home-Textiles-Blanket--Quilts/Signature/Signature-Mink-Blanket-Double-Bed/pid-244390.aspx","Signature Mink Blanket Double Bed","Rs. 2,249.99","Rs. 2,500","Signature","462535","","Weight 4.2 kg"," > Home > Apparel & Home > Home Textiles > Blanket & Quilts"
"http://www.bestpricewholesale.co.in/Products/Apparel--Home-Home-Textiles-Blanket--Quilts/Signature/Signature-Alaska-Mink-Blanket-Double-Bed/pid-244384.aspx","Signature Alaska Mink Blanket Double Bed","Rs. 1,500","Rs. 2,000","Signature","172749","","more"," > Home > Apparel & Home > Home Textiles > Blanket & Quilts"
"http://www.bestpricewholesale.co.in/Products/Apparel--Home-Luggage--Bags-Soft-Luggage/Hybrid/Hybrid-Soft-Strolley-HybridSet-of-3/pid-242986.aspx","Hybrid Soft Strolley Hybrid,Set of 3","Rs. 8,311.54","Rs. 23,999","Hybrid","544218","","Size-71 cm,60.5 cm,49.5 cm Fabric-600d Twill Polyester 4 Wheels Spinner Expandable Smooth Double Wheels Light Blue Set OF 3"," > Home > Apparel & Home > Luggage & Bags > Soft Luggage"
"http://www.bestpricewholesale.co.in/Products/Apparel--Home-Luggage--Bags-Soft-Luggage/Hybrid/Hybrid-Soft-Strolley-Hybrid495--cm/pid-242984.aspx","Hybrid Soft Strolley Hybrid,49.5 cm","Rs. 2,611.53","Rs. 7,000","Hybrid","544211","","Size- 49.5 cm Fabric-600d Twill Polyester 4 Wheels Spinner Expandable Smooth Double Wheels Light Blue"," > Home > Apparel & Home > Luggage & Bags > Soft Luggage"
"http://www.bestpricewholesale.co.in/Products/Apparel--Home-Luggage--Bags-Soft-Luggage/Hybrid/Hybrid-Soft-Strolley-Hybrid605-cm/pid-242982.aspx","Hybrid Soft Strolley Hybrid,60.5 cm","Rs. 2,896.53","Rs. 7,500","Hybrid","544204","","Size- 60.5 cm Fabric-600d Twill Polyester 4 Wheels Spinner Expandable Smooth Double Wheels Light Blue"," > Home > Apparel & Home > Luggage & Bags > Soft Luggage"
"http://www.bestpricewholesale.co.in/Products/Apparel--Home-Luggage--Bags-Soft-Luggage/Hybrid/Hybrid-Soft-Strolley-Hybrid71-cm/pid-242980.aspx","Hybrid Soft Strolley Hybrid,71 cm","Rs. 3,561.55","Rs. 9,000","Hybrid","544197","","Size-71 cm Fabric-600d Twill Polyester 4 Wheels Spinner Expandable Smooth Double Wheels Light Blue"," > Home > Apparel & Home > Luggage & Bags > Soft Luggage"
"http://www.bestpricewholesale.co.in/Products/Apparel--Home-Luggage--Bags-Soft-Luggage/AT/AT-Soft-Strolley-Velocity77-Cm/pid-242916.aspx","AT Soft Strolley Velocity,77 Cm","Rs. 4,675","Rs. 9,350","AT","511017","","Size-77 cm Fabric-600 D Polyester Fixed Combination Lock Expandable 4 Wheels Spinner Recessed wheels for comfortable maneuvering Colors may vary as per availability"," > Home > Apparel & Home > Luggage & Bags > Soft Luggage"
"http://www.bestpricewholesale.co.in/Products/Apparel--Home-Luggage--Bags-Soft-Luggage/AT/AT-Soft-Strolley-Velocity66-Cm/pid-242914.aspx","AT Soft Strolley Velocity,66 Cm","Rs. 4,075","Rs. 8,150","AT","511010","","Size-66 cm Fabric-600 D Polyester Fixed Combination Lock Expandable 4 Wheels Spinner Recessed wheels for comfortable maneuvering Colors may vary as per availability"," > Home > Apparel & Home > Luggage & Bags > Soft Luggage"
"http://www.bestpricewholesale.co.in/Products/Apparel--Home-Luggage--Bags-Soft-Luggage/AT/AT-Soft-Strolley-Velocity55-Cm/pid-242912.aspx","AT Soft Strolley Velocity,55 Cm","Rs. 3,325","Rs. 6,650","AT","511003","","Size-55 cm Fabric-600 D Polyester Fixed Combination Lock Expandable 4 Wheels Spinner Recessed wheels for comfortable maneuvering Colors may vary as per availability"," > Home > Apparel & Home > Luggage & Bags > Soft Luggage"
"http://www.bestpricewholesale.co.in/Products/Apparel--Home-Luggage--Bags-Soft-Luggage/Pronto/Pronto-Soft-Strolley-Elevate65-Cm/pid-242858.aspx","Pronto Soft Strolley Elevate,65 Cm","Rs. 2,674.30","Rs. 5,690","Pronto","569152","","Size-65 cm Fabric-Durable 600d Polyester Fixed Combination LockLock Tough and Light Honey Comb Frame Duck Feet for Greater Stability Smooth Ball Bearing Wheels Colors may vary as per availability"," > Home > Apparel & Home > Luggage & Bags > Soft Luggage"
"http://www.bestpricewholesale.co.in/Products/Apparel--Home-Luggage--Bags-Soft-Luggage/Pronto/Pronto-Soft-Strolley-Elevate55-Cm/pid-242856.aspx","Pronto Soft Strolley Elevate,55 Cm","Rs. 2,110.30","Rs. 4,490","Pronto","569145","","Size-55 cm Fabric-Durable 600d Polyester Fixed Combination LockLock Tough and Light Honey Comb Frame Duck Feet for Greater Stability Smooth Ball Bearing Wheels Colors may vary as per availability"," > Home > Apparel & Home > Luggage & Bags > Soft Luggage"
"http://www.bestpricewholesale.co.in/Products/Apparel--Home-Apparel-Socks/Arrow/Arrow-Dress-Socks-Pack-of-5-U/pid-242854.aspx","Arrow Dress Socks Pack of 5 U","Rs. 299","Rs. 499","Arrow","561928","","65% Cotton & 35% Polyester"," > Home > Apparel & Home > Apparel > Socks"
"http://www.bestpricewholesale.co.in/Products/Apparel--Home-Luggage--Bags-Duffle-Bags/American-Tourister/American-Tourister-Duffle-Strolley-Aegis-65-cm/pid-224798.aspx","American Tourister Duffle Strolley Aegis, 65 cm","Rs. 2,213.99","Rs. 2,700","American Tourister","563454","","Fabric- Polyester 600d dobby U shape Opening Pull Up Trolley Soft grip Handle Colors may vary as per availability"," > Home > Apparel & Home > Luggage & Bags > Duffle Bags"
"http://www.bestpricewholesale.co.in/Products/Apparel--Home-Luggage--Bags-Duffle-Bags/American-Tourister/American-Tourister-Duffle-Strolley-Aegis-55-cm/pid-224796.aspx","American Tourister Duffle Strolley Aegis, 55 cm","Rs. 1,968","Rs. 2,400","American Tourister","563447","","Fabric- Polyester 600d dobby U shape Opening Pull Up Trolley Soft grip Handle Colors may vary as per availability"," > Home > Apparel & Home > Luggage & Bags > Duffle Bags"
"http://www.bestpricewholesale.co.in/Products/Apparel--Home-Luggage--Bags-Soft-Luggage/Aristocrat/Aristocrat-Soft-Strolley-Basil-66-cm/pid-224782.aspx","Aristocrat Soft Strolley Basil, 66 cm","Rs. 3,099.99","Rs. 6,225","Aristocrat","546815","","Fabric- Polyester Lightest product from Aristocrat Comfort Top Handle Fixed Lock Colors may vary as per availability"," > Home > Apparel & Home > Luggage & Bags > Soft Luggage"
"http://www.bestpricewholesale.co.in/Products/Apparel--Home-Home-Textiles-White-Linen/No-Brand/Ac-Quilt-Single-Bed-Approx-147-cm-x-223-cm/pid-221332.aspx","Ac Quilt Single Bed Approx 147 cm x 223 cm","Rs. 795.99","Rs. 1,200","No Brand","529182","","Satin Fabric Shell Size : 58 Inches x 88 Inches Filling : 125 Gsm Poly Fill Attractive Packaging"," > Home > Apparel & Home > Home Textiles > White Linen"
"http://www.bestpricewholesale.co.in/Products/Apparel--Home-Home-Textiles-Towels/S-Kumars/S-Kumars-Bath-Towel-67-cm-X-137-cm/pid-221314.aspx","S Kumar's Bath Towel 67 cm X 137 cm","Rs. 108.88","Rs. 160","S Kumars","385115","These everyday bath towels are available in Bold & bright colors. They are soft , absorbent and great value for money.","Size : 67 Cm x 137 Cm Plain Color Absorbent Easy To Carry While Travelling"," > Home > Apparel & Home > Home Textiles > Towels"
